INSERT INTO `liverust_0116`.`rusty_assets` (`id`, `parent_id`, `lft`, `rgt`, `level`, `name`, `title`, `rules`)
VALUES (198, 18, 120, 121, 2, 'com_modules.module.110', 'Google DFP -  D1A', '{"core.delete":{"7":1,"6":1},"core.edit":{"7":1,"4":1,"6":1},"core.edit.state":{"7":1,"6":1,"5":1}}');
INSERT INTO `liverust_0116`.`rusty_assets` (`id`, `parent_id`, `lft`, `rgt`, `level`, `name`, `title`, `rules`)
VALUES (199, 18, 122, 123, 2, 'com_modules.module.145', 'Google DFP -  D3C', '{"core.delete":[],"core.edit":[],"core.edit.state":[]}');
INSERT INTO `liverust_0116`.`rusty_assets` (`id`, `parent_id`, `lft`, `rgt`, `level`, `name`, `title`, `rules`)
VALUES (200, 18, 124, 125, 2, 'com_modules.module.146', 'Google DFP -  D3C2', '{"core.delete":[],"core.edit":[],"core.edit.state":[]}');
INSERT INTO `liverust_0116`.`rusty_assets` (`id`, `parent_id`, `lft`, `rgt`, `level`, `name`, `title`, `rules`)
VALUES (201, 18, 126, 127, 2, 'com_modules.module.147', 'Google DFP -  D2B', '{"core.delete":[],"core.edit":[],"core.edit.state":[]}');
INSERT INTO `liverust_0116`.`rusty_assets` (`id`, `parent_id`, `lft`, `rgt`, `level`, `name`, `title`, `rules`)
VALUES (202, 18, 128, 129, 2, 'com_modules.module.148', 'Google DFP -  D2B2', '{"core.delete":[],"core.edit":[],"core.edit.state":[]}');
INSERT INTO `liverust_0116`.`rusty_assets` (`id`, `parent_id`, `lft`, `rgt`, `level`, `name`, `title`, `rules`)
VALUES (203, 18, 130, 131, 2, 'com_modules.module.149', 'Google DFP -  D4C', '{"core.delete":[],"core.edit":[],"core.edit.state":[]}');
INSERT INTO `liverust_0116`.`rusty_assets` (`id`, `parent_id`, `lft`, `rgt`, `level`, `name`, `title`, `rules`)
VALUES (204, 18, 132, 133, 2, 'com_modules.module.150', 'Google DFP -  D5B', '{"core.delete":[],"core.edit":[],"core.edit.state":[]}');
INSERT INTO `liverust_0116`.`rusty_assets` (`id`, `parent_id`, `lft`, `rgt`, `level`, `name`, `title`, `rules`)
VALUES (205, 18, 134, 135, 2, 'com_modules.module.151', 'Google DFP -  D6A', '{"core.delete":[],"core.edit":[],"core.edit.state":[]}');
INSERT INTO `liverust_0116`.`rusty_assets` (`id`, `parent_id`, `lft`, `rgt`, `level`, `name`, `title`, `rules`)
VALUES (206, 18, 136, 137, 2, 'com_modules.module.152', 'Google DFP -  M1B', '{"core.delete":[],"core.edit":[],"core.edit.state":[]}');
INSERT INTO `liverust_0116`.`rusty_assets` (`id`, `parent_id`, `lft`, `rgt`, `level`, `name`, `title`, `rules`)
VALUES (207, 18, 138, 139, 2, 'com_modules.module.153', 'Google DFP -  M3C', '{"core.delete":[],"core.edit":[],"core.edit.state":[]}');
INSERT INTO `liverust_0116`.`rusty_assets` (`id`, `parent_id`, `lft`, `rgt`, `level`, `name`, `title`, `rules`)
VALUES (208, 18, 140, 141, 2, 'com_modules.module.154', 'Google DFP -  M2A', '{"core.delete":[],"core.edit":[],"core.edit.state":[]}');



UPDATE `liverust_0116`.`rusty_modules` SET `asset_id` = 198, `title` = 'Google DFP -  D1A', `position` = 'rusty-googledfp-d1a', `checked_out` = 62, `checked_out_time` = '2015-11-13 09:43:47', `params` = '{"layout":"_:default","googletag-define":"googletag.cmd.push(function() {\\r\\n    googletag.defineSlot(''\\/7577389\\/D1A'', [728, 90], ''div-gpt-ad-1446531092114-0'').addService(googletag.pubads());\\r\\n    googletag.pubads().enableSingleRequest();\\r\\n    googletag.enableServices();\\r\\n  });","googletag-display":"<!-- \\/7577389\\/D1A -->\\r\\n<div id=''div-gpt-ad-1446531092114-0'' style=''height:90px; width:728px;''>\\r\\n<script type=''text\\/javascript''>\\r\\ngoogletag.cmd.push(function() { googletag.display(''div-gpt-ad-1446531092114-0''); });\\r\\n<\\/script>\\r\\n<\\/div>","module_tag":"div","bootstrap_size":"0","header_tag":"h3","header_class":"","style":"0"}' WHERE `id` = 110;
UPDATE `liverust_0116`.`rusty_modules` SET `published` = -2 WHERE `id` = 111;



INSERT INTO `liverust_0116`.`rusty_modules` (`id`, `asset_id`, `title`, `note`, `content`, `ordering`, `position`, `checked_out`, `checked_out_time`, `publish_up`, `publish_down`, `published`, `module`, `access`, `showtitle`, `params`, `client_id`, `language`)
VALUES (145, 199, 'Google DFP -  D3C', '', '', 1, 'rusty-googledfp-d3c', 0, '0001-01-01 00:00:00', '0001-01-01 00:00:00', '0001-01-01 00:00:00', 1, 'mod_googleads', 1, 0, '{"layout":"_:default","googletag-define":"googletag.cmd.push(function() {\\r\\n    googletag.defineSlot(''\\/7577389\\/D3C'', [728, 90], ''div-gpt-ad-1446531924826-0'').addService(googletag.pubads());\\r\\n    googletag.pubads().enableSingleRequest();\\r\\n    googletag.enableServices();\\r\\n  });","googletag-display":"<!-- \\/7577389\\/D3C -->\\r\\n<div id=''div-gpt-ad-1446531924826-0'' style=''height:90px; width:728px;''>\\r\\n<script type=''text\\/javascript''>\\r\\ngoogletag.cmd.push(function() { googletag.display(''div-gpt-ad-1446531924826-0''); });\\r\\n<\\/script>\\r\\n<\\/div>","module_tag":"div","bootstrap_size":"0","header_tag":"h3","header_class":"","style":"0"}', 0, '*');
INSERT INTO `liverust_0116`.`rusty_modules` (`id`, `asset_id`, `title`, `note`, `content`, `ordering`, `position`, `checked_out`, `checked_out_time`, `publish_up`, `publish_down`, `published`, `module`, `access`, `showtitle`, `params`, `client_id`, `language`)
VALUES (146, 200, 'Google DFP -  D3C2', '', '', 1, 'rusty-googledfp-d3c2', 0, '0001-01-01 00:00:00', '0001-01-01 00:00:00', '0001-01-01 00:00:00', 1, 'mod_googleads', 1, 0, '{"layout":"_:default","googletag-define":"googletag.cmd.push(function() {\\r\\n    googletag.defineSlot(''\\/7577389\\/D3C2'', [300, 250], ''div-gpt-ad-1446533514126-0'').addService(googletag.pubads());\\r\\n    googletag.pubads().enableSingleRequest();\\r\\n    googletag.enableServices();\\r\\n  });","googletag-display":"<!-- \\/7577389\\/D3C2 -->\\r\\n<div id=''div-gpt-ad-1446533514126-0'' style=''height:250px; width:300px;''>\\r\\n<script type=''text\\/javascript''>\\r\\ngoogletag.cmd.push(function() { googletag.display(''div-gpt-ad-1446533514126-0''); });\\r\\n<\\/script>\\r\\n<\\/div>","module_tag":"div","bootstrap_size":"0","header_tag":"h3","header_class":"","style":"0"}', 0, '*');
INSERT INTO `liverust_0116`.`rusty_modules` (`id`, `asset_id`, `title`, `note`, `content`, `ordering`, `position`, `checked_out`, `checked_out_time`, `publish_up`, `publish_down`, `published`, `module`, `access`, `showtitle`, `params`, `client_id`, `language`)
VALUES (147, 201, 'Google DFP -  D2B', '', '', 1, 'rusty-googledfp-d2b', 0, '0001-01-01 00:00:00', '0001-01-01 00:00:00', '0001-01-01 00:00:00', 1, 'mod_googleads', 1, 0, '{"layout":"_:default","googletag-define":" googletag.cmd.push(function() {\\r\\n    googletag.defineSlot(''\\/7577389\\/D2B'', [728, 90], ''div-gpt-ad-1446610279803-0'').addService(googletag.pubads());\\r\\n    googletag.pubads().enableSingleRequest();\\r\\n    googletag.enableServices();\\r\\n  });","googletag-display":"<!-- \\/7577389\\/D2B -->\\r\\n<div id=''div-gpt-ad-1446610279803-0'' style=''height:90px; width:728px;''>\\r\\n<script type=''text\\/javascript''>\\r\\ngoogletag.cmd.push(function() { googletag.display(''div-gpt-ad-1446610279803-0''); });\\r\\n<\\/script>\\r\\n<\\/div>","module_tag":"div","bootstrap_size":"0","header_tag":"h3","header_class":"","style":"0"}', 0, '*');
INSERT INTO `liverust_0116`.`rusty_modules` (`id`, `asset_id`, `title`, `note`, `content`, `ordering`, `position`, `checked_out`, `checked_out_time`, `publish_up`, `publish_down`, `published`, `module`, `access`, `showtitle`, `params`, `client_id`, `language`)
VALUES (148, 202, 'Google DFP -  D2B2', '', '', 1, 'rusty-googledfp-d2b2', 0, '0001-01-01 00:00:00', '0001-01-01 00:00:00', '0001-01-01 00:00:00', 1, 'mod_googleads', 1, 0, '{"layout":"_:default","googletag-define":"googletag.cmd.push(function() {\\r\\n    googletag.defineSlot(''\\/7577389\\/D2B2'', [300, 250], ''div-gpt-ad-1446613296341-0'').addService(googletag.pubads());\\r\\n    googletag.pubads().enableSingleRequest();\\r\\n    googletag.enableServices();\\r\\n  });","googletag-display":"<!-- \\/7577389\\/D2B2 -->\\r\\n<div id=''div-gpt-ad-1446613296341-0'' style=''height:250px; width:300px;''>\\r\\n<script type=''text\\/javascript''>\\r\\ngoogletag.cmd.push(function() { googletag.display(''div-gpt-ad-1446613296341-0''); });\\r\\n<\\/script>\\r\\n<\\/div>","module_tag":"div","bootstrap_size":"0","header_tag":"h3","header_class":"","style":"0"}', 0, '*');
INSERT INTO `liverust_0116`.`rusty_modules` (`id`, `asset_id`, `title`, `note`, `content`, `ordering`, `position`, `checked_out`, `checked_out_time`, `publish_up`, `publish_down`, `published`, `module`, `access`, `showtitle`, `params`, `client_id`, `language`)
VALUES (149, 203, 'Google DFP -  D4C', '', '', 1, 'rusty-googledfp-d4c', 0, '0001-01-01 00:00:00', '0001-01-01 00:00:00', '0001-01-01 00:00:00', 1, 'mod_googleads', 1, 0, '{"layout":"_:default","googletag-define":"googletag.cmd.push(function() {\\r\\n    googletag.defineSlot(''\\/7577389\\/D4C'', [300, 250], ''div-gpt-ad-1446618040134-0'').addService(googletag.pubads());\\r\\n    googletag.pubads().enableSingleRequest();\\r\\n    googletag.enableServices();\\r\\n  });","googletag-display":"<!-- \\/7577389\\/D4C -->\\r\\n<div id=''div-gpt-ad-1446618040134-0'' style=''height:250px; width:300px;''>\\r\\n<script type=''text\\/javascript''>\\r\\ngoogletag.cmd.push(function() { googletag.display(''div-gpt-ad-1446618040134-0''); });\\r\\n<\\/script>\\r\\n<\\/div>","module_tag":"div","bootstrap_size":"0","header_tag":"h3","header_class":"","style":"0"}', 0, '*');
INSERT INTO `liverust_0116`.`rusty_modules` (`id`, `asset_id`, `title`, `note`, `content`, `ordering`, `position`, `checked_out`, `checked_out_time`, `publish_up`, `publish_down`, `published`, `module`, `access`, `showtitle`, `params`, `client_id`, `language`)
VALUES (150, 204, 'Google DFP -  D5B', '', '', 1, 'rusty-googledfp-d5b', 0, '0001-01-01 00:00:00', '0001-01-01 00:00:00', '0001-01-01 00:00:00', 1, 'mod_googleads', 1, 0, '{"layout":"_:default","googletag-define":"googletag.cmd.push(function() {\\r\\n    googletag.defineSlot(''\\/7577389\\/D5B'', [300, 250], ''div-gpt-ad-1446618265839-0'').addService(googletag.pubads());\\r\\n    googletag.pubads().enableSingleRequest();\\r\\n    googletag.enableServices();\\r\\n  });","googletag-display":"<!-- \\/7577389\\/D5B -->\\r\\n<div id=''div-gpt-ad-1446618265839-0'' style=''height:250px; width:300px;''>\\r\\n<script type=''text\\/javascript''>\\r\\ngoogletag.cmd.push(function() { googletag.display(''div-gpt-ad-1446618265839-0''); });\\r\\n<\\/script>\\r\\n<\\/div>","module_tag":"div","bootstrap_size":"0","header_tag":"h3","header_class":"","style":"0"}', 0, '*');
INSERT INTO `liverust_0116`.`rusty_modules` (`id`, `asset_id`, `title`, `note`, `content`, `ordering`, `position`, `checked_out`, `checked_out_time`, `publish_up`, `publish_down`, `published`, `module`, `access`, `showtitle`, `params`, `client_id`, `language`)
VALUES (151, 205, 'Google DFP -  D6A', '', '', 1, 'rusty-googledfp-d6a', 0, '0001-01-01 00:00:00', '0001-01-01 00:00:00', '0001-01-01 00:00:00', 1, 'mod_googleads', 1, 0, '{"layout":"_:default","googletag-define":"googletag.cmd.push(function() {\\r\\n    googletag.defineSlot(''\\/7577389\\/D6A'', [300, 250], ''div-gpt-ad-1446618331298-0'').addService(googletag.pubads());\\r\\n    googletag.pubads().enableSingleRequest();\\r\\n    googletag.enableServices();\\r\\n  });","googletag-display":"<!-- \\/7577389\\/D6A -->\\r\\n<div id=''div-gpt-ad-1446618331298-0'' style=''height:250px; width:300px;''>\\r\\n<script type=''text\\/javascript''>\\r\\ngoogletag.cmd.push(function() { googletag.display(''div-gpt-ad-1446618331298-0''); });\\r\\n<\\/script>\\r\\n<\\/div>","module_tag":"div","bootstrap_size":"0","header_tag":"h3","header_class":"","style":"0"}', 0, '*');
INSERT INTO `liverust_0116`.`rusty_modules` (`id`, `asset_id`, `title`, `note`, `content`, `ordering`, `position`, `checked_out`, `checked_out_time`, `publish_up`, `publish_down`, `published`, `module`, `access`, `showtitle`, `params`, `client_id`, `language`)
VALUES (152, 206, 'Google DFP -  M1B', '', '', 1, 'rusty-googledfp-m1b', 0, '0001-01-01 00:00:00', '0001-01-01 00:00:00', '0001-01-01 00:00:00', 1, 'mod_googleads', 1, 0, '{"layout":"_:default","googletag-define":"googletag.cmd.push(function() {\\r\\nvar mapping = googletag.sizeMapping().\\r\\n  addSize([414, 736], [414, 65]).\\r\\n  addSize([736, 414], [414, 65]).\\r\\n  addSize([375, 627], [375, 59]).\\r\\n  addSize([320, 568], [320, 50]).\\r\\n  addSize([320, 480], [320, 50]).\\r\\n  addSize([750, 200], [728, 90]). \\r\\n  addSize([1050, 200], []).\\r\\n  build();\\r\\n    googletag.defineSlot(''\\/7577389\\/M1B'', [320, 50], ''div-gpt-ad-1447410412738-0'').defineSizeMapping(mapping).addService(googletag.pubads());\\r\\n    googletag.pubads().enableSingleRequest();\\r\\n    googletag.enableServices();\\r\\n  });","googletag-display":"<!-- \\/7577389\\/M1B -->\\r\\n<div id=''div-gpt-ad-1447410412738-0''>\\r\\n<script type=''text\\/javascript''>\\r\\ngoogletag.cmd.push(function() { googletag.display(''div-gpt-ad-1447410412738-0''); });\\r\\n<\\/script>\\r\\n<\\/div>","module_tag":"div","bootstrap_size":"0","header_tag":"h3","header_class":"","style":"0"}', 0, '*');
INSERT INTO `liverust_0116`.`rusty_modules` (`id`, `asset_id`, `title`, `note`, `content`, `ordering`, `position`, `checked_out`, `checked_out_time`, `publish_up`, `publish_down`, `published`, `module`, `access`, `showtitle`, `params`, `client_id`, `language`)
VALUES (153, 207, 'Google DFP -  M3C', '', '', 1, 'rusty-googledfp-m3c', 62, '2015-11-13 11:55:28', '0001-01-01 00:00:00', '0001-01-01 00:00:00', 1, 'mod_googleads', 1, 0, '{"layout":"_:default","googletag-define":" googletag.cmd.push(function() {\\r\\n    googletag.defineSlot(''\\/7577389\\/M3C'', [300, 250], ''div-gpt-ad-1446628313162-0'').addService(googletag.pubads());\\r\\n    googletag.pubads().enableSingleRequest();\\r\\n    googletag.enableServices();\\r\\n  });","googletag-display":"<!-- \\/7577389\\/M3C -->\\r\\n<div id=''div-gpt-ad-1446628313162-0'' style=''height:250px; width:300px;''>\\r\\n<script type=''text\\/javascript''>\\r\\ngoogletag.cmd.push(function() { googletag.display(''div-gpt-ad-1446628313162-0''); });\\r\\n<\\/script>\\r\\n<\\/div>","module_tag":"div","bootstrap_size":"0","header_tag":"h3","header_class":"","style":"0"}', 0, '*');
INSERT INTO `liverust_0116`.`rusty_modules` (`id`, `asset_id`, `title`, `note`, `content`, `ordering`, `position`, `checked_out`, `checked_out_time`, `publish_up`, `publish_down`, `published`, `module`, `access`, `showtitle`, `params`, `client_id`, `language`)
VALUES (154, 208, 'Google DFP -  M2A', '', '', 1, 'rusty-googledfp-m2a', 0, '0001-01-01 00:00:00', '0001-01-01 00:00:00', '0001-01-01 00:00:00', 1, 'mod_googleads', 1, 0, '{"layout":"_:default","googletag-define":"googletag.cmd.push(function() {\\r\\n    googletag.defineSlot(''\\/7577389\\/M2A'', [300, 250], ''div-gpt-ad-1446628403921-0'').addService(googletag.pubads());\\r\\n    googletag.pubads().enableSingleRequest();\\r\\n    googletag.enableServices();\\r\\n  });","googletag-display":"<!-- \\/7577389\\/M2A -->\\r\\n<div id=''div-gpt-ad-1446628403921-0'' style=''height:250px; width:300px;''>\\r\\n<script type=''text\\/javascript''>\\r\\ngoogletag.cmd.push(function() { googletag.display(''div-gpt-ad-1446628403921-0''); });\\r\\n<\\/script>\\r\\n<\\/div>","module_tag":"div","bootstrap_size":"0","header_tag":"h3","header_class":"","style":"0"}', 0, '*');



INSERT INTO `liverust_0116`.`rusty_modules_menu` (`moduleid`, `menuid`)
VALUES (145, 230);
INSERT INTO `liverust_0116`.`rusty_modules_menu` (`moduleid`, `menuid`)
VALUES (145, 231);
INSERT INTO `liverust_0116`.`rusty_modules_menu` (`moduleid`, `menuid`)
VALUES (145, 232);
INSERT INTO `liverust_0116`.`rusty_modules_menu` (`moduleid`, `menuid`)
VALUES (145, 235);
INSERT INTO `liverust_0116`.`rusty_modules_menu` (`moduleid`, `menuid`)
VALUES (145, 236);
INSERT INTO `liverust_0116`.`rusty_modules_menu` (`moduleid`, `menuid`)
VALUES (145, 239);
INSERT INTO `liverust_0116`.`rusty_modules_menu` (`moduleid`, `menuid`)
VALUES (145, 243);
INSERT INTO `liverust_0116`.`rusty_modules_menu` (`moduleid`, `menuid`)
VALUES (145, 244);
INSERT INTO `liverust_0116`.`rusty_modules_menu` (`moduleid`, `menuid`)
VALUES (145, 245);
INSERT INTO `liverust_0116`.`rusty_modules_menu` (`moduleid`, `menuid`)
VALUES (145, 246);
INSERT INTO `liverust_0116`.`rusty_modules_menu` (`moduleid`, `menuid`)
VALUES (145, 249);
INSERT INTO `liverust_0116`.`rusty_modules_menu` (`moduleid`, `menuid`)
VALUES (145, 252);
INSERT INTO `liverust_0116`.`rusty_modules_menu` (`moduleid`, `menuid`)
VALUES (145, 253);
INSERT INTO `liverust_0116`.`rusty_modules_menu` (`moduleid`, `menuid`)
VALUES (145, 255);
INSERT INTO `liverust_0116`.`rusty_modules_menu` (`moduleid`, `menuid`)
VALUES (145, 256);
INSERT INTO `liverust_0116`.`rusty_modules_menu` (`moduleid`, `menuid`)
VALUES (145, 257);
INSERT INTO `liverust_0116`.`rusty_modules_menu` (`moduleid`, `menuid`)
VALUES (145, 264);
INSERT INTO `liverust_0116`.`rusty_modules_menu` (`moduleid`, `menuid`)
VALUES (145, 271);
INSERT INTO `liverust_0116`.`rusty_modules_menu` (`moduleid`, `menuid`)
VALUES (145, 272);
INSERT INTO `liverust_0116`.`rusty_modules_menu` (`moduleid`, `menuid`)
VALUES (145, 273);
INSERT INTO `liverust_0116`.`rusty_modules_menu` (`moduleid`, `menuid`)
VALUES (145, 274);
INSERT INTO `liverust_0116`.`rusty_modules_menu` (`moduleid`, `menuid`)
VALUES (145, 275);
INSERT INTO `liverust_0116`.`rusty_modules_menu` (`moduleid`, `menuid`)
VALUES (145, 317);
INSERT INTO `liverust_0116`.`rusty_modules_menu` (`moduleid`, `menuid`)
VALUES (145, 318);
INSERT INTO `liverust_0116`.`rusty_modules_menu` (`moduleid`, `menuid`)
VALUES (145, 319);
INSERT INTO `liverust_0116`.`rusty_modules_menu` (`moduleid`, `menuid`)
VALUES (145, 320);
INSERT INTO `liverust_0116`.`rusty_modules_menu` (`moduleid`, `menuid`)
VALUES (145, 321);
INSERT INTO `liverust_0116`.`rusty_modules_menu` (`moduleid`, `menuid`)
VALUES (145, 322);
INSERT INTO `liverust_0116`.`rusty_modules_menu` (`moduleid`, `menuid`)
VALUES (145, 324);
INSERT INTO `liverust_0116`.`rusty_modules_menu` (`moduleid`, `menuid`)
VALUES (145, 325);
INSERT INTO `liverust_0116`.`rusty_modules_menu` (`moduleid`, `menuid`)
VALUES (146, 0);
INSERT INTO `liverust_0116`.`rusty_modules_menu` (`moduleid`, `menuid`)
VALUES (147, 0);
INSERT INTO `liverust_0116`.`rusty_modules_menu` (`moduleid`, `menuid`)
VALUES (148, 0);
INSERT INTO `liverust_0116`.`rusty_modules_menu` (`moduleid`, `menuid`)
VALUES (149, 0);
INSERT INTO `liverust_0116`.`rusty_modules_menu` (`moduleid`, `menuid`)
VALUES (150, 0);
INSERT INTO `liverust_0116`.`rusty_modules_menu` (`moduleid`, `menuid`)
VALUES (151, 0);
INSERT INTO `liverust_0116`.`rusty_modules_menu` (`moduleid`, `menuid`)
VALUES (152, 230);
INSERT INTO `liverust_0116`.`rusty_modules_menu` (`moduleid`, `menuid`)
VALUES (152, 231);
INSERT INTO `liverust_0116`.`rusty_modules_menu` (`moduleid`, `menuid`)
VALUES (152, 232);
INSERT INTO `liverust_0116`.`rusty_modules_menu` (`moduleid`, `menuid`)
VALUES (152, 233);
INSERT INTO `liverust_0116`.`rusty_modules_menu` (`moduleid`, `menuid`)
VALUES (152, 234);
INSERT INTO `liverust_0116`.`rusty_modules_menu` (`moduleid`, `menuid`)
VALUES (152, 235);
INSERT INTO `liverust_0116`.`rusty_modules_menu` (`moduleid`, `menuid`)
VALUES (152, 236);
INSERT INTO `liverust_0116`.`rusty_modules_menu` (`moduleid`, `menuid`)
VALUES (152, 238);
INSERT INTO `liverust_0116`.`rusty_modules_menu` (`moduleid`, `menuid`)
VALUES (152, 239);
INSERT INTO `liverust_0116`.`rusty_modules_menu` (`moduleid`, `menuid`)
VALUES (152, 241);
INSERT INTO `liverust_0116`.`rusty_modules_menu` (`moduleid`, `menuid`)
VALUES (152, 242);
INSERT INTO `liverust_0116`.`rusty_modules_menu` (`moduleid`, `menuid`)
VALUES (152, 243);
INSERT INTO `liverust_0116`.`rusty_modules_menu` (`moduleid`, `menuid`)
VALUES (152, 244);
INSERT INTO `liverust_0116`.`rusty_modules_menu` (`moduleid`, `menuid`)
VALUES (152, 245);
INSERT INTO `liverust_0116`.`rusty_modules_menu` (`moduleid`, `menuid`)
VALUES (152, 246);
INSERT INTO `liverust_0116`.`rusty_modules_menu` (`moduleid`, `menuid`)
VALUES (152, 249);
INSERT INTO `liverust_0116`.`rusty_modules_menu` (`moduleid`, `menuid`)
VALUES (152, 252);
INSERT INTO `liverust_0116`.`rusty_modules_menu` (`moduleid`, `menuid`)
VALUES (152, 253);
INSERT INTO `liverust_0116`.`rusty_modules_menu` (`moduleid`, `menuid`)
VALUES (152, 255);
INSERT INTO `liverust_0116`.`rusty_modules_menu` (`moduleid`, `menuid`)
VALUES (152, 256);
INSERT INTO `liverust_0116`.`rusty_modules_menu` (`moduleid`, `menuid`)
VALUES (152, 257);
INSERT INTO `liverust_0116`.`rusty_modules_menu` (`moduleid`, `menuid`)
VALUES (152, 264);
INSERT INTO `liverust_0116`.`rusty_modules_menu` (`moduleid`, `menuid`)
VALUES (152, 271);
INSERT INTO `liverust_0116`.`rusty_modules_menu` (`moduleid`, `menuid`)
VALUES (152, 272);
INSERT INTO `liverust_0116`.`rusty_modules_menu` (`moduleid`, `menuid`)
VALUES (152, 273);
INSERT INTO `liverust_0116`.`rusty_modules_menu` (`moduleid`, `menuid`)
VALUES (152, 274);
INSERT INTO `liverust_0116`.`rusty_modules_menu` (`moduleid`, `menuid`)
VALUES (152, 275);
INSERT INTO `liverust_0116`.`rusty_modules_menu` (`moduleid`, `menuid`)
VALUES (152, 317);
INSERT INTO `liverust_0116`.`rusty_modules_menu` (`moduleid`, `menuid`)
VALUES (152, 318);
INSERT INTO `liverust_0116`.`rusty_modules_menu` (`moduleid`, `menuid`)
VALUES (152, 319);
INSERT INTO `liverust_0116`.`rusty_modules_menu` (`moduleid`, `menuid`)
VALUES (152, 320);
INSERT INTO `liverust_0116`.`rusty_modules_menu` (`moduleid`, `menuid`)
VALUES (152, 321);
INSERT INTO `liverust_0116`.`rusty_modules_menu` (`moduleid`, `menuid`)
VALUES (152, 322);
INSERT INTO `liverust_0116`.`rusty_modules_menu` (`moduleid`, `menuid`)
VALUES (152, 324);
INSERT INTO `liverust_0116`.`rusty_modules_menu` (`moduleid`, `menuid`)
VALUES (152, 325);
INSERT INTO `liverust_0116`.`rusty_modules_menu` (`moduleid`, `menuid`)
VALUES (153, 230);
INSERT INTO `liverust_0116`.`rusty_modules_menu` (`moduleid`, `menuid`)
VALUES (153, 231);
INSERT INTO `liverust_0116`.`rusty_modules_menu` (`moduleid`, `menuid`)
VALUES (153, 232);
INSERT INTO `liverust_0116`.`rusty_modules_menu` (`moduleid`, `menuid`)
VALUES (153, 233);
INSERT INTO `liverust_0116`.`rusty_modules_menu` (`moduleid`, `menuid`)
VALUES (153, 234);
INSERT INTO `liverust_0116`.`rusty_modules_menu` (`moduleid`, `menuid`)
VALUES (153, 235);
INSERT INTO `liverust_0116`.`rusty_modules_menu` (`moduleid`, `menuid`)
VALUES (153, 236);
INSERT INTO `liverust_0116`.`rusty_modules_menu` (`moduleid`, `menuid`)
VALUES (153, 238);
INSERT INTO `liverust_0116`.`rusty_modules_menu` (`moduleid`, `menuid`)
VALUES (153, 239);
INSERT INTO `liverust_0116`.`rusty_modules_menu` (`moduleid`, `menuid`)
VALUES (153, 241);
INSERT INTO `liverust_0116`.`rusty_modules_menu` (`moduleid`, `menuid`)
VALUES (153, 242);
INSERT INTO `liverust_0116`.`rusty_modules_menu` (`moduleid`, `menuid`)
VALUES (153, 243);
INSERT INTO `liverust_0116`.`rusty_modules_menu` (`moduleid`, `menuid`)
VALUES (153, 244);
INSERT INTO `liverust_0116`.`rusty_modules_menu` (`moduleid`, `menuid`)
VALUES (153, 245);
INSERT INTO `liverust_0116`.`rusty_modules_menu` (`moduleid`, `menuid`)
VALUES (153, 246);
INSERT INTO `liverust_0116`.`rusty_modules_menu` (`moduleid`, `menuid`)
VALUES (153, 249);
INSERT INTO `liverust_0116`.`rusty_modules_menu` (`moduleid`, `menuid`)
VALUES (153, 252);
INSERT INTO `liverust_0116`.`rusty_modules_menu` (`moduleid`, `menuid`)
VALUES (153, 253);
INSERT INTO `liverust_0116`.`rusty_modules_menu` (`moduleid`, `menuid`)
VALUES (153, 255);
INSERT INTO `liverust_0116`.`rusty_modules_menu` (`moduleid`, `menuid`)
VALUES (153, 256);
INSERT INTO `liverust_0116`.`rusty_modules_menu` (`moduleid`, `menuid`)
VALUES (153, 257);
INSERT INTO `liverust_0116`.`rusty_modules_menu` (`moduleid`, `menuid`)
VALUES (153, 264);
INSERT INTO `liverust_0116`.`rusty_modules_menu` (`moduleid`, `menuid`)
VALUES (153, 271);
INSERT INTO `liverust_0116`.`rusty_modules_menu` (`moduleid`, `menuid`)
VALUES (153, 272);
INSERT INTO `liverust_0116`.`rusty_modules_menu` (`moduleid`, `menuid`)
VALUES (153, 273);
INSERT INTO `liverust_0116`.`rusty_modules_menu` (`moduleid`, `menuid`)
VALUES (153, 274);
INSERT INTO `liverust_0116`.`rusty_modules_menu` (`moduleid`, `menuid`)
VALUES (153, 275);
INSERT INTO `liverust_0116`.`rusty_modules_menu` (`moduleid`, `menuid`)
VALUES (153, 317);
INSERT INTO `liverust_0116`.`rusty_modules_menu` (`moduleid`, `menuid`)
VALUES (153, 318);
INSERT INTO `liverust_0116`.`rusty_modules_menu` (`moduleid`, `menuid`)
VALUES (153, 319);
INSERT INTO `liverust_0116`.`rusty_modules_menu` (`moduleid`, `menuid`)
VALUES (153, 320);
INSERT INTO `liverust_0116`.`rusty_modules_menu` (`moduleid`, `menuid`)
VALUES (153, 321);
INSERT INTO `liverust_0116`.`rusty_modules_menu` (`moduleid`, `menuid`)
VALUES (153, 322);
INSERT INTO `liverust_0116`.`rusty_modules_menu` (`moduleid`, `menuid`)
VALUES (153, 324);
INSERT INTO `liverust_0116`.`rusty_modules_menu` (`moduleid`, `menuid`)
VALUES (153, 325);
INSERT INTO `liverust_0116`.`rusty_modules_menu` (`moduleid`, `menuid`)
VALUES (154, 230);
INSERT INTO `liverust_0116`.`rusty_modules_menu` (`moduleid`, `menuid`)
VALUES (154, 231);
INSERT INTO `liverust_0116`.`rusty_modules_menu` (`moduleid`, `menuid`)
VALUES (154, 232);
INSERT INTO `liverust_0116`.`rusty_modules_menu` (`moduleid`, `menuid`)
VALUES (154, 233);
INSERT INTO `liverust_0116`.`rusty_modules_menu` (`moduleid`, `menuid`)
VALUES (154, 234);
INSERT INTO `liverust_0116`.`rusty_modules_menu` (`moduleid`, `menuid`)
VALUES (154, 235);
INSERT INTO `liverust_0116`.`rusty_modules_menu` (`moduleid`, `menuid`)
VALUES (154, 236);
INSERT INTO `liverust_0116`.`rusty_modules_menu` (`moduleid`, `menuid`)
VALUES (154, 238);
INSERT INTO `liverust_0116`.`rusty_modules_menu` (`moduleid`, `menuid`)
VALUES (154, 239);
INSERT INTO `liverust_0116`.`rusty_modules_menu` (`moduleid`, `menuid`)
VALUES (154, 241);
INSERT INTO `liverust_0116`.`rusty_modules_menu` (`moduleid`, `menuid`)
VALUES (154, 242);
INSERT INTO `liverust_0116`.`rusty_modules_menu` (`moduleid`, `menuid`)
VALUES (154, 243);
INSERT INTO `liverust_0116`.`rusty_modules_menu` (`moduleid`, `menuid`)
VALUES (154, 244);
INSERT INTO `liverust_0116`.`rusty_modules_menu` (`moduleid`, `menuid`)
VALUES (154, 245);
INSERT INTO `liverust_0116`.`rusty_modules_menu` (`moduleid`, `menuid`)
VALUES (154, 246);
INSERT INTO `liverust_0116`.`rusty_modules_menu` (`moduleid`, `menuid`)
VALUES (154, 249);
INSERT INTO `liverust_0116`.`rusty_modules_menu` (`moduleid`, `menuid`)
VALUES (154, 252);
INSERT INTO `liverust_0116`.`rusty_modules_menu` (`moduleid`, `menuid`)
VALUES (154, 253);
INSERT INTO `liverust_0116`.`rusty_modules_menu` (`moduleid`, `menuid`)
VALUES (154, 255);
INSERT INTO `liverust_0116`.`rusty_modules_menu` (`moduleid`, `menuid`)
VALUES (154, 256);
INSERT INTO `liverust_0116`.`rusty_modules_menu` (`moduleid`, `menuid`)
VALUES (154, 257);
INSERT INTO `liverust_0116`.`rusty_modules_menu` (`moduleid`, `menuid`)
VALUES (154, 264);
INSERT INTO `liverust_0116`.`rusty_modules_menu` (`moduleid`, `menuid`)
VALUES (154, 271);
INSERT INTO `liverust_0116`.`rusty_modules_menu` (`moduleid`, `menuid`)
VALUES (154, 272);
INSERT INTO `liverust_0116`.`rusty_modules_menu` (`moduleid`, `menuid`)
VALUES (154, 273);
INSERT INTO `liverust_0116`.`rusty_modules_menu` (`moduleid`, `menuid`)
VALUES (154, 274);
INSERT INTO `liverust_0116`.`rusty_modules_menu` (`moduleid`, `menuid`)
VALUES (154, 275);
INSERT INTO `liverust_0116`.`rusty_modules_menu` (`moduleid`, `menuid`)
VALUES (154, 317);
INSERT INTO `liverust_0116`.`rusty_modules_menu` (`moduleid`, `menuid`)
VALUES (154, 318);
INSERT INTO `liverust_0116`.`rusty_modules_menu` (`moduleid`, `menuid`)
VALUES (154, 319);
INSERT INTO `liverust_0116`.`rusty_modules_menu` (`moduleid`, `menuid`)
VALUES (154, 320);
INSERT INTO `liverust_0116`.`rusty_modules_menu` (`moduleid`, `menuid`)
VALUES (154, 321);
INSERT INTO `liverust_0116`.`rusty_modules_menu` (`moduleid`, `menuid`)
VALUES (154, 322);
INSERT INTO `liverust_0116`.`rusty_modules_menu` (`moduleid`, `menuid`)
VALUES (154, 324);
INSERT INTO `liverust_0116`.`rusty_modules_menu` (`moduleid`, `menuid`)
VALUES (154, 325);


UPDATE `liverust_0116`.`rusty_extensions` SET `manifest_cache` = '{"name":"Google Ads","type":"module","creationDate":"July 2006","author":"Gia Nguyen","copyright":"Copyright (C) 2005 - 2013 Open Source Matters. All rights reserved.","authorEmail":"","authorUrl":"","version":"3.0.0","description":"MOD_FOLLOWUS_XML_DESCRIPTION","group":""}' WHERE `extension_id` = 759;

update `liverust_0116`.`rusty_modules` set publish_up = '0000-00-00 00:00:00', publish_down = '0000-00-00 00:00:00' where id in (145, 146, 147, 148, 149, 150, 151, 152, 153, 154);